Sentence,FinalScore
"Ghana is currently in the pilot phase of its central bank digital currency, known as the e-Cedi.",0.5375000000000000
The Bank of Ghana launched the e-Cedi pilot to test the feasibility of a retail digital currency,0.5625
The central bank views the e-Cedi as a tool to promote financial inclusion and digital payments.,0.7
Stakeholders in the financial sector have observed meaningful strides from the central bank regarding the introduction of the eCedi.,0.725
"The introduction and full implementation of the eCedi, together with broader digital payment reforms, will be crucial in strengthening Ghana’s monetary sovereignty.",0.6750000000000000
The First Deputy Governor of the Bank of Ghana described eCedi as a key pillar of Ghana’s digital future.,0.7750000000000000
"The central bank digital currency will create a more efficient payment ecosystem that proves faster, safer, and more reliable for individuals and businesses.",0.8125
Early and deliberate investments in digital systems have created an enabling environment for successfully adopting a CBDC at scale.,0.7125
Robust security measures and minimal transaction costs will be critical for successful adoption of the eCedi.,0.55
The pilot revealed significant implementation challenges as it moves closer to rolling out the eCedi.,0.2925
Stakeholder feedback suggests that public trust and fee considerations could significantly influence adoption rates.,0.475
"Despite the popularity of mobile money, the top bank has been pushing the eCedi central bank digital currency, whose pilot has been ongoing this year.",0.5625
BoG will remain cautious and rely on feedback from the pilots to guide its rollout.,0.475
The evidence shows that the CBDCs in Jamaica have failed to gain traction with consumers or businesses.,0.175
"Despite strong government promotion, consumer adoption of Jamaica’s CBDC remains limited.",0.2875
Merchants have shown little incentive to adopt JAM-DEX due to low demand from customers.,0.275
It is often easier for users to rely on existing digital payment apps rather than converting funds into CBDC.,0.45000000000000000
There are concerns about whether investing further in JAM-DEX infrastructure will deliver sufficient returns,0.3
"JAM-DEX offers a safe, efficient and convenient way to pay for goods and services without the need for physical cash.",0.725
The expansion of digital currency usage is expected to ease challenges associated with cash availability at ATMs.,0.5125
The Bank of Jamaica continues to encourage merchants and consumers to adopt JAM-DEX for everyday transactions.,0.6375
Retrofitting point-of-sale machines to accept JAM-DEX is necessary for wider adoption.,0.5375000000000000
"Jam-Dex, the country’s central bank digital currency (CBDC), can now be used to pay fitness fees, property taxes and traffic tickets.",0.6875000000000000
Jamaicans will now have another means to make certain payments at Tax Administration Jamaica with Jam-Dex.,0.6375
Jam-Dex is legal tender and can be exchanged one-for-one with Jamaican dollars,0.6375
The BOJ annual report stated that merchant-strengthening initiatives included an internal Jam-Dex point-of-sale pilot.,0.65
Preparatory work for a Jam-Dex online pilot with a government entity was also reported.,0.5875
The BOJ boosted its system resilience with the installation of the Jam-Dex Disaster Recovery site.,0.6
Jam-Dex has been struggling to garner wider acceptance in the Jamaican population due to the limited number of wallet providers.,0.32
It has also struggled because it cannot be readily used at point-of-sale (POS) machines at merchants.,0.2625
The amount of Jam-Dex minted has remained at $276 million since 2022.,0.4375
That amount is small relative to the physical currency in circulation at $286.1 billion at the end of 2024.,0.4375
A check by the Jamaica Observer revealed booths decorated with Jam-Dex promotional material.,0.55
The Government is currently pursuing initiatives to improve tax collection using Jam-Dex.,0.625
More tax offices would be open on weekends to make it easier for people to pay with Jam-Dex.,0.575
Prime Minister Dr Andrew Holness announced other initiatives under the SPEED initiative to reduce foot traffic in tax offices.,0.5
The pilot demonstrates that Ghana is building capability for future interoperable digital payment solutions,0.6375
"By enabling Ghanaian micro, small, and medium enterprises to participate in international trade cost-effectively, the eCedi could revolutionize cross-border commerce.",0.7250000000000000
The central bank noted that the platform supports improved consumer experiences and inclusive growth.,0.7375000000000000
The Bank of Ghana reassured the public that progress toward launching the eCedi is ongoing.,0.6500000000000000
"The successful pilot comes as Ghana prepares for the long-awaited launch of the eCedi, initially slated for 2026.",0.5875
The Bank of Ghana (BoG) adopted a retail token-based CBDC model designed to replicate traditional attributes of physical cash.,0.55
This affirms the potential of the eCedi system for future interoperability with various cross-border credential and payment platforms.,0.675
The live transactions demonstrated the feasibility of utilizing the proposed Ghanaian domestic retail CBDC platform.,0.6125
The first phase focused on developing a trusted credential system to transform key information into verifiable digital credentials.,0.5625
Project DESFT is aimed at supporting SMEs in Africa to engage in international trade by removing significant obstacles they face.,0.575
The landmark pilot was part of Project DESFT initiated by the Bank of Ghana and the Monetary Authority of Singapore.,0.5875
"Ghana has successfully executed its first cross-border trade transaction using digital credentials, the eCedi central bank digital currency, and a Singaporean stablecoin.",0.7500000000000000
"The eCedi, Ghana’s upcoming retail CBDC, is expected to significantly enhance the country’s payment ecosystem, fostering inclusive growth and innovation.",0.7375
The central bank is urging all commercial banks to participate in the full roll-out of digital currency.,0.7125000000000000
Successful deployment of JAM-DEX requires commercial banks to bring their merchant customers into the system.,0.6
Technical challenges among large merchants have slowed the implementation of the digital currency.,0.325
Large retailers faced technological hurdles integrating the digital currency into existing payment systems.,0.2875
Merchant onboarding remains a critical factor determining the success of JAM-DEX.,0.5125
Banks must work directly with merchants because they manage those business relationships.,0.5
The Bank of Jamaica views digital currency as part of a broader modernisation of payments.,0.6375
Government officials emphasised that collaboration between banks and merchants is essential.,0.5875
Regulators believe the CBDC can enhance efficiency in the financial system.,0.675
Adoption remains limited because many businesses are not yet ready for the technological transition.,0.325
Infrastructure readiness is still evolving despite progress in the rollout.,0.475
Some merchants expressed concerns about operational disruptions during integration.,0.3375
JAM-DEX represents Jamaica’s central bank digital currency initiative.,0.5
"The rollout strategy relies on cooperation between regulators, banks, and payment providers.",0.525
Authorities continue working to expand merchant acceptance across the country.,0.6500000000000000
The Bank of Ghana says the e-Cedi project remains a key part of the country’s digital transformation strategy.,0.6625000000000000
Officials believe a central bank digital currency could strengthen the efficiency of Ghana’s payment ecosystem.,0.7125
The e-Cedi initiative is intended to complement existing mobile money services rather than replace them.,0.6625
The central bank confirmed that technical testing of the digital currency platform is ongoing,0.55
Pilot activities are focused on evaluating usability among both consumers and merchants.,0.5375
Authorities continue to refine offline payment capabilities as part of the e-Cedi design.,0.575
Regulators say digital currency could improve financial inclusion for underserved communities.,0.7125
Officials emphasised that stakeholder education is necessary before any full-scale launch.,0.5375000000000000
The Bank of Ghana maintains that public trust will be essential for widespread adoption.,0.5625
Some analysts argue that adoption may be slow due to strong reliance on mobile money platforms.,0.35000000000000000
There are ongoing discussions about the regulatory framework needed to support digital currency.,0.55
The central bank acknowledged that technological readiness remains a critical challenge.,0.2875
The e-Cedi is being developed as a retail digital version of Ghana’s national currency.,0.5125
Officials say the pilot programme will guide future decisions about a national rollout.,0.525
The Bank of Ghana believes the e-Cedi will enhance payment efficiency across the financial system.,0.675
Officials argue that a digital currency can reduce friction in everyday transactions.,0.65
The central bank views the e-Cedi as a secure alternative to physical cash.,0.6875
Authorities say the digital currency could improve reliability for both merchants and consumers.,0.7375
Public education and awareness are considered essential for successful rollout.,0.5375000000000000
Stakeholders believe the system will support the country’s digitalisation agenda.,0.625
The e-Cedi is being developed as a retail central bank digital currency,0.575
Pilot testing has explored both online and offline transaction capabilities.,0.575
The central bank continues to evaluate regulatory requirements before launch.,0.5875
Adoption timelines remain dependent on legislative approval.,0.525
Economic conditions have influenced delays in launching the digital currency.,0.36250000000000000
Analysts note that strong reliance on existing payment systems could slow uptake.,0.35000000000000000
Officials believe the e-Cedi could strengthen financial inclusion across underserved communities.,0.6625
The digital currency initiative aims to support Ghana’s broader digital economy strategy.,0.6375000000000000
The Bank of Ghana continues to explore how CBDC design can improve accessibility and efficiency.,0.6875
The Bank of Jamaica is working to improve access to its central bank digital currency.,0.7625
Jam-Dex became legal tender in June 2022 and is equivalent one-to-one with the Jamaican dollar.,0.6125
Officials say expanding access to digital payments is a priority for the central bank.,0.6
The number of wallet providers remains a major limitation affecting usage.,0.4
Merchant acceptance through existing point-of-sale terminals continues to be a challenge.,0.3
Only two digital wallets currently allow the public to transact using Jam-Dex.,0.5
Authorities believe converting POS machines will accelerate adoption.,0.5875
The value of Jam-Dex in issuance represents only a small fraction of total currency in circulation.,0.45
The central bank lists thousands of merchants that accept the digital currency.,0.6625000000000000
Officials continue to encourage Jamaicans to move away from heavy reliance on cash.,0.6625
Infrastructure disruptions after Hurricane Melissa slowed digital payment adoption.”,0.2875
Some regions reverted to cash transactions due to telecom and electricity challenges.,0.2875
Emergency cash injections highlighted ongoing dependence on physical currency.,0.3
The central bank plans to aggressively promote Jam-Dex once POS integration improves,0.6500000000000000
Officials argue that digital currency can help modernise Jamaica’s payment ecosystem.,0.6625
The introduction of the e-Cedi is intended to extend financial services to remote areas.,0.65
Officials believe digital currency could improve international transfers and remittances.,0.6875
The central bank described the digital cedi as a pivotal step in Ghana’s financial evolution.,0.65
The Bank of Ghana collaborated with technology partners to explore a digital version of the national currency.,0.55
A pilot programme was launched to test the feasibility of the e-Cedi platform.,0.575
Officials said the pilot attracted strong participation from Ghana’s youth population.,0.7375
Public trust in the central bank was highlighted as a factor supporting experimentation with digital currency.,0.6750000000000000
The e-Cedi was designed as a non-interest-bearing token issued by the central bank,0.5
Commercial banks are expected to act as distribution channels for the digital currency.,0.55
Hackathons were launched to encourage fintech innovation around the e-Cedi ecosystem.,0.6375
Preventing misuse and illegal activities remains a priority for the central bank.,0.5500000000000000
The e-Cedi is issued directly by the central bank rather than private institutions.,0.6
The initiative reflects Ghana’s broader move toward domestic digitalisation.,0.625
Jamaica’s central bank completed a pilot enabling dynamic QR payments for Jam-Dex at merchant terminals.,0.6
Officials reported that uptake of CBDC transactions is much lower than other wallet features.,0.375
Many retailers prefer a single payment terminal instead of adding a separate device for CBDC transactions.,0.4
Adoption levels remain modest compared to expectations from early pilots.,0.38750000000000000
Merchant readiness is a key factor slowing widespread rollout of Jam-Dex.,0.4
Wallet providers have not fully implemented the technology required for CBDC payments at scale.,0.3875
Additional banks have joined the digital wallet ecosystem to distribute Jam-Dex.,0.675
Authorities believe expanding wallet options could increase transaction volume.,0.6625
Officials suggested that incentives or payroll payments in CBDC might encourage adoption.,0.6375
The rollout strategy focuses on improving merchant acceptance rather than consumer incentives alone.,0.6000000000000000
Regulators see CBDC as part of a broader modernization of Jamaica’s payment infrastructure.,0.6875000000000000
Delays in technological integration continue to slow CBDC expansion.,0.3125