country,title,url,sentiment
Jamaica,López Obrador rompe su retiro para defender a Cuba ; promueve colecta de ayuda humanitaria,https://lopezdoriga.com/nacional/lopez-obrador-rompe-retiro-defender-cuba-promueve-colecta-civil-enviar-ayuda-humanitaria/,0.5330886163910216
Jamaica,Capital - market reforms necessary but not sufficient to drive growth,https://www.jamaicaobserver.com/2026/03/18/capital-market-reforms-necessary-not-sufficient-drive-growth/,0.5467604732019595
Jamaica,"Weekly Blockchain Monitor – March 16 , 2026",https://www.mondaq.com:443/unitedstates/financial-services/1761134/weekly-blockchain-monitor-march-16-2026,0.5490488977203479
Jamaica,Un duro golpe para la democracia caribeña : los periódicos Stabroek News y Newsday cierran tras un giro hacia las redes sociales . ,https://xornalgalicia.com/actualidad/agenda/un-duro-golpe-para-la-democracia-caribena-los-periodicos-stabroek-news-y-newsday-cierran-tras-un-giro-hacia-las-redes-sociales,0.5388741630571731
Jamaica,Promising Penny Stocks To Consider – March 14th,https://www.dailypolitical.com/2026/03/15/promising-penny-stocks-to-consider-march-14th.html,0.5427573218179421
Jamaica,Exclusive : Airline Loyalty Programs Reimagined With AI ‑ Driven Benefits,https://www.financial-news.co.uk/exclusive-airline-loyalty-programs-reimagined-with-ai-driven-benefits/,0.5641027594459438
Jamaica,"Sobre ver no escuro , ou o que Cuba precisa de nós . Por Rafael Domingos Oliveira",https://racismoambiental.net.br/2026/03/19/sobre-ver-no-escuro-ou-o-que-cuba-precisa-de-nos-por-rafael-domingos-oliveira/,0.5346482422840847
Jamaica,  La movilidad como motor de confianza en el turismo del sureste . Hertz México : movilidad inteligente que impulsa la confianza turística en el sureste • Periódico Digital Centroamericano y del Caribe,https://newsinamerica.com/pdcc/boletin/2026/la-movilidad-como-motor-de-confianza-en-el-turismo-del-sureste-hertz-mexico-movilidad-inteligente-que-impulsa-la-confianza-turistica-en-el-sureste/,0.5331238316503534
Jamaica,"Presidente Abinader recibe en visita de cortesía a la presidenta del Gobierno de las Islas Baleares , Margalida Prohens Rigo , en el Palacio Nacional . Otras Noticias Presidenciales",https://elsoldelaflorida.com/presidente-abinader-recibe-en-visita-de-cortesia-a-la-presidenta-del-gobierno-de-las-islas-baleares-margalida-prohens-rigo-en-el-palacio-nacional-otras-noticias-presidenciales/,0.5369894064972075
Jamaica,Arcos Dorados ( ARCO ) Q4 2025 Earnings Transcript,https://www.fool.com/earnings/call-transcripts/2026/03/19/arcos-dorados-arco-q4-2025-earnings-transcript/?source=iedfolrf0000001,0.5431320875516334
Jamaica,The StakeHouse Casino Review and Welcome Bonuses,https://www.banklesstimes.com/crypto-gambling/the-stakehouse-casino-review/,0.5321183414038695
