Sentence,Score
"Ghana is currently in the pilot phase of its central bank digital currency, known as the e-Cedi.",0.5
The Bank of Ghana launched the e-Cedi pilot to test the feasibility of a retail digital currency,0.55
The e-Cedi pilot successfully supported both online and offline transactions.,0.8
"Approximately 2,750 users participated in the e-Cedi pilot during its initial testing phase",0.55
The central bank views the e-Cedi as a tool to promote financial inclusion and digital payments.,0.6
Ghana is prepared to begin a controlled rollout of its central bank digital currency (CBDC) following significant progress made by the Bank of Ghana.,0.65
Stakeholders in the financial sector have observed meaningful strides from the central bank regarding the introduction of the eCedi.,0.75
"The introduction and full implementation of the eCedi, together with broader digital payment reforms, will be crucial in strengthening Ghana’s monetary sovereignty.",0.65
The First Deputy Governor of the Bank of Ghana described eCedi as a key pillar of Ghana’s digital future.,0.7
"The central bank digital currency will create a more efficient payment ecosystem that proves faster, safer, and more reliable for individuals and businesses.",0.94
Early and deliberate investments in digital systems have created an enabling environment for successfully adopting a CBDC at scale.,0.85
Robust security measures and minimal transaction costs will be critical for successful adoption of the eCedi.,0.5
The pilot revealed significant implementation challenges as it moves closer to rolling out the eCedi.,0.32
Stakeholder feedback suggests that public trust and fee considerations could significantly influence adoption rates.,0.5
"Despite the popularity of mobile money, the top bank has been pushing the eCedi central bank digital currency, whose pilot has been ongoing this year.",0.45
"The eCedi will complement mobile payments, ensuring minimal disruption to Ghana’s financial systems",0.8
BoG will remain cautious and rely on feedback from the pilots to guide its rollout.,0.5
"The Bank of Jamaica officially launched its central bank digital currency, known as JAM-DEX, in July 2022.",0.5
The evidence shows that the CBDCs in Jamaica have failed to gain traction with consumers or businesses.,0.1
"Instead of functioning as a widely used medium of exchange, the CBDCs have become little more than vehicles for government handouts.",0.45
"Despite strong government promotion, consumer adoption of Jamaica’s CBDC remains limited.",0.25
Merchants have shown little incentive to adopt JAM-DEX due to low demand from customers.,0.3
The CEO of Jamaica’s largest CBDC wallet provider questioned whether the effort to promote JAM-DEX is justified.,0.45
It is often easier for users to rely on existing digital payment apps rather than converting funds into CBDC.,0.4
There are concerns about whether investing further in JAM-DEX infrastructure will deliver sufficient returns,0.2
"JAM-DEX offers a safe, efficient and convenient way to pay for goods and services without the need for physical cash.",0.85
The expansion of digital currency usage is expected to ease challenges associated with cash availability at ATMs.,0.55
The Bank of Jamaica continues to encourage merchants and consumers to adopt JAM-DEX for everyday transactions.,0.75
Retrofitting point-of-sale machines to accept JAM-DEX is necessary for wider adoption.,0.5
"Jam-Dex, the country’s central bank digital currency (CBDC), can now be used to pay fitness fees, property taxes and traffic tickets.",0.65
Jamaicans will now have another means to make certain payments at Tax Administration Jamaica with Jam-Dex.,0.65
Jam-Dex is legal tender and can be exchanged one-for-one with Jamaican dollars,0.65
Jam-Dex was officially minted in August 2021 and became legal tender in June 2022.,0.5
The BOJ annual report stated that merchant-strengthening initiatives included an internal Jam-Dex point-of-sale pilot.,0.6
Preparatory work for a Jam-Dex online pilot with a government entity was also reported.,0.55
The BOJ boosted its system resilience with the installation of the Jam-Dex Disaster Recovery site.,0.5
Jam-Dex has been struggling to garner wider acceptance in the Jamaican population due to the limited number of wallet providers.,0.28
It has also struggled because it cannot be readily used at point-of-sale (POS) machines at merchants.,0.25
The amount of Jam-Dex minted has remained at $276 million since 2022.,0.4
That amount is small relative to the physical currency in circulation at $286.1 billion at the end of 2024.,0.5
A check by the Jamaica Observer revealed booths decorated with Jam-Dex promotional material.,0.5
The Government is currently pursuing initiatives to improve tax collection using Jam-Dex.,0.55
More tax offices would be open on weekends to make it easier for people to pay with Jam-Dex.,0.6
Prime Minister Dr Andrew Holness announced other initiatives under the SPEED initiative to reduce foot traffic in tax offices.,0.55
The pilot demonstrates that Ghana is building capability for future interoperable digital payment solutions,0.7
"By enabling Ghanaian micro, small, and medium enterprises to participate in international trade cost-effectively, the eCedi could revolutionize cross-border commerce.",0.8
The central bank noted that the platform supports improved consumer experiences and inclusive growth.,0.65
The Bank of Ghana reassured the public that progress toward launching the eCedi is ongoing.,0.7
"The successful pilot comes as Ghana prepares for the long-awaited launch of the eCedi, initially slated for 2026.",0.6
The eCedi system incorporates additional functionalities beyond the traditional use of physical currency.,0.6
The Bank of Ghana (BoG) adopted a retail token-based CBDC model designed to replicate traditional attributes of physical cash.,0.5
This affirms the potential of the eCedi system for future interoperability with various cross-border credential and payment platforms.,0.75
The live transactions demonstrated the feasibility of utilizing the proposed Ghanaian domestic retail CBDC platform.,0.55
Phase two successfully executed a live cross-border transaction between Ghana and Singapore using the eCedi CBDC.,0.9
The first phase focused on developing a trusted credential system to transform key information into verifiable digital credentials.,0.5
Project DESFT is aimed at supporting SMEs in Africa to engage in international trade by removing significant obstacles they face.,0.6
The landmark pilot was part of Project DESFT initiated by the Bank of Ghana and the Monetary Authority of Singapore.,0.5
"Ghana has successfully executed its first cross-border trade transaction using digital credentials, the eCedi central bank digital currency, and a Singaporean stablecoin.",0.9
"The eCedi, Ghana’s upcoming retail CBDC, is expected to significantly enhance the country’s payment ecosystem, fostering inclusive growth and innovation.",0.85
The central bank is urging all commercial banks to participate in the full roll-out of digital currency.,0.75
Successful deployment of JAM-DEX requires commercial banks to bring their merchant customers into the system.,0.5
Technical challenges among large merchants have slowed the implementation of the digital currency.,0.3
Large retailers faced technological hurdles integrating the digital currency into existing payment systems.,0.2
Merchant onboarding remains a critical factor determining the success of JAM-DEX.,0.5
Banks must work directly with merchants because they manage those business relationships.,0.5
The Bank of Jamaica views digital currency as part of a broader modernisation of payments.,0.6
Government officials emphasised that collaboration between banks and merchants is essential.,0.6
Regulators believe the CBDC can enhance efficiency in the financial system.,0.75
Adoption remains limited because many businesses are not yet ready for the technological transition.,0.3
Infrastructure readiness is still evolving despite progress in the rollout.,0.35
Some merchants expressed concerns about operational disruptions during integration.,0.25
JAM-DEX represents Jamaica’s central bank digital currency initiative.,0.5
"The rollout strategy relies on cooperation between regulators, banks, and payment providers.",0.5
Authorities continue working to expand merchant acceptance across the country.,0.7
The Bank of Ghana says the e-Cedi project remains a key part of the country’s digital transformation strategy.,0.7
Officials believe a central bank digital currency could strengthen the efficiency of Ghana’s payment ecosystem.,0.75
The e-Cedi initiative is intended to complement existing mobile money services rather than replace them.,0.7
The central bank confirmed that technical testing of the digital currency platform is ongoing,0.5
Pilot activities are focused on evaluating usability among both consumers and merchants.,0.5
Authorities continue to refine offline payment capabilities as part of the e-Cedi design.,0.5
The system is being developed to operate even in areas with limited internet connectivity.,0.75
Regulators say digital currency could improve financial inclusion for underserved communities.,0.75
Officials emphasised that stakeholder education is necessary before any full-scale launch.,0.5
The Bank of Ghana maintains that public trust will be essential for widespread adoption.,0.5
Some analysts argue that adoption may be slow due to strong reliance on mobile money platforms.,0.3
There are ongoing discussions about the regulatory framework needed to support digital currency.,0.5
The central bank acknowledged that technological readiness remains a critical challenge.,0.25
The e-Cedi is being developed as a retail digital version of Ghana’s national currency.,0.5
Officials say the pilot programme will guide future decisions about a national rollout.,0.55
The Bank of Ghana believes the e-Cedi will enhance payment efficiency across the financial system.,0.75
Officials argue that a digital currency can reduce friction in everyday transactions.,0.8
The central bank views the e-Cedi as a secure alternative to physical cash.,0.55
Authorities say the digital currency could improve reliability for both merchants and consumers.,0.75
Public education and awareness are considered essential for successful rollout.,0.5
Stakeholders believe the system will support the country’s digitalisation agenda.,0.6
The e-Cedi is being developed as a retail central bank digital currency,0.5
Pilot testing has explored both online and offline transaction capabilities.,0.5
The central bank continues to evaluate regulatory requirements before launch.,0.5
Adoption timelines remain dependent on legislative approval.,0.5
Economic conditions have influenced delays in launching the digital currency.,0.35
Analysts note that strong reliance on existing payment systems could slow uptake.,0.3
Officials believe the e-Cedi could strengthen financial inclusion across underserved communities.,0.65
The digital currency initiative aims to support Ghana’s broader digital economy strategy.,0.65
The Bank of Ghana continues to explore how CBDC design can improve accessibility and efficiency.,0.65
The Bank of Jamaica is working to improve access to its central bank digital currency.,0.65
Jam-Dex became legal tender in June 2022 and is equivalent one-to-one with the Jamaican dollar.,0.5
Officials say expanding access to digital payments is a priority for the central bank.,0.65
The number of wallet providers remains a major limitation affecting usage.,0.3
Merchant acceptance through existing point-of-sale terminals continues to be a challenge.,0.25
Only two digital wallets currently allow the public to transact using Jam-Dex.,0.5
Authorities believe converting POS machines will accelerate adoption.,0.6
The value of Jam-Dex in issuance represents only a small fraction of total currency in circulation.,0.5
The central bank lists thousands of merchants that accept the digital currency.,0.7
Officials continue to encourage Jamaicans to move away from heavy reliance on cash.,0.65
Infrastructure disruptions after Hurricane Melissa slowed digital payment adoption.”,0.3
Some regions reverted to cash transactions due to telecom and electricity challenges.,0.3
Emergency cash injections highlighted ongoing dependence on physical currency.,0.3
The central bank plans to aggressively promote Jam-Dex once POS integration improves,0.7
Officials argue that digital currency can help modernise Jamaica’s payment ecosystem.,0.65
The introduction of the e-Cedi is intended to extend financial services to remote areas.,0.7
Officials believe digital currency could improve international transfers and remittances.,0.75
The central bank described the digital cedi as a pivotal step in Ghana’s financial evolution.,0.6
The Bank of Ghana collaborated with technology partners to explore a digital version of the national currency.,0.5
A pilot programme was launched to test the feasibility of the e-Cedi platform.,0.5
Officials said the pilot attracted strong participation from Ghana’s youth population.,0.85
Public trust in the central bank was highlighted as a factor supporting experimentation with digital currency.,0.65
The e-Cedi was designed as a non-interest-bearing token issued by the central bank,0.5
Commercial banks are expected to act as distribution channels for the digital currency.,0.5
Hackathons were launched to encourage fintech innovation around the e-Cedi ecosystem.,0.7
The governor acknowledged cybersecurity threats as a major concern surrounding digital currencies.,0.25
Preventing misuse and illegal activities remains a priority for the central bank.,0.5
Cross-border compatibility was identified as a challenge requiring international cooperation.,0.25
The e-Cedi is issued directly by the central bank rather than private institutions.,0.5
The initiative reflects Ghana’s broader move toward domestic digitalisation.,0.6
Jamaica’s central bank completed a pilot enabling dynamic QR payments for Jam-Dex at merchant terminals.,0.6
The digital currency has been available to the public since 2022 but adoption remains limited.,0.35
Officials reported that uptake of CBDC transactions is much lower than other wallet features.,0.25
Many retailers prefer a single payment terminal instead of adding a separate device for CBDC transactions.,0.3
The digital currency has been available to the public since 2022 but adoption remains limited.,0.25
Adoption levels remain modest compared to expectations from early pilots.,0.35
The central bank is working with technology providers to upgrade thousands of POS machines.,0.6
Merchant readiness is a key factor slowing widespread rollout of Jam-Dex.,0.5
Wallet providers have not fully implemented the technology required for CBDC payments at scale.,0.3
Additional banks have joined the digital wallet ecosystem to distribute Jam-Dex.,0.75
Authorities believe expanding wallet options could increase transaction volume.,0.7
Officials suggested that incentives or payroll payments in CBDC might encourage adoption.,0.75
The rollout strategy focuses on improving merchant acceptance rather than consumer incentives alone.,0.5
Regulators see CBDC as part of a broader modernization of Jamaica’s payment infrastructure.,0.65
Delays in technological integration continue to slow CBDC expansion.,0.3
"In a world where digital transformation is accelerating across industries, Jamaica's proactive embrace of digital currency reflects both vision and confidence.",0.92
